source_monomer_name,standardized_name,base_monomer_name,monomer_smiles,molwt,count,source_count,canonical_anchor,pseudo_anchor,anchor_rule,stereochemistry_default,is_n_methyl,edit_scope_default,operation_default,attachment_default,chemical_payload_type_default,chemical_payload_template,manual_curation_priority,manual_check,quality_flag,notes,anchor_for_alignment,edit_event_class_default,edit_event_subclass_default,final_edit_scope,final_chemical_payload_type,final_chemical_payload,use_for_local_edit_model,use_for_atom_edit_model,local_model_eligibility,atom_model_eligibility,model_use_tier_default,requires_manual_curation_final,final_curation_reason,quality_flag_final
bHph,bHph,bHph,CN[C@H](CC=O)Cc1ccccc1,177.247,996,1,F,beta/extended-backbone,rule_beta_homophenylalanine_v5,L,False,backbone_and_R_group_edit,beta_homo_amino_acid+Phe_sidechain_extension,backbone;sidechain_Cbeta,combined_delta,Phe_to_beta_homophenylalanine,high,True,auto_v5_anchor_optimized,v5: rule-refined anchor/scope/payload,F,residue_graph_replacement,backbone_length_or_topology_replacement,backbone_mimetic_edit,backbone_replacement_graph,Phe_to_beta_homophenylalanine,False,True,not_core_local_edit,eligible_auxiliary_full_atom,atom_replacement_auxiliary,True,"Has a natural anchor for alignment, but the edit changes residue/backbone graph enough to treat as atom-level replacement.",residue_graph_replacement
Mono7,Mono7,Mono7,CN[C@@H](C)CC=O,101.149,93,1,A,beta/extended-backbone,rule_smiles_beta_homoalanine_to_ala_v6,L,False,backbone_edit,beta_amino_acid_backbone_extension,backbone,delta_graph,Ala_to_beta-homoAla,high,True,auto_v6_anchor_optimized,v6: SMILES matches beta-homoalanine-like alpha/beta backbone extension; Ala anchor retained with manual review,A,residue_graph_replacement,backbone_length_or_topology_replacement,backbone_mimetic_edit,backbone_replacement_graph,Ala_to_beta-homoAla,False,True,not_core_local_edit,eligible_auxiliary_full_atom,atom_replacement_auxiliary,True,"Has a natural anchor for alignment, but the edit changes residue/backbone graph enough to treat as atom-level replacement.",residue_graph_replacement
Mono6,Mono6,Mono6,CN(C)CCCC=O,115.176,89,3,A,gamma/extended-backbone,rule_smiles_nme_gaba_to_ala_v6,L,False,backbone_edit,N_methylation+gamma_amino_acid_backbone_extension,backbone_N;backbone,combined_delta,N-H_to_N-CH3;Ala_to_NMe-GABA,high,True,auto_v6_anchor_optimized,"v6: SMILES matches N-methyl GABA-like spacer; Ala anchor with backbone extension, manual review retained",A,residue_graph_replacement,backbone_length_or_topology_replacement,backbone_mimetic_edit,backbone_replacement_graph,N-H_to_N-CH3;Ala_to_NMe-GABA,False,True,not_core_local_edit,eligible_auxiliary_full_atom,atom_replacement_auxiliary,True,"Has a natural anchor for alignment, but the edit changes residue/backbone graph enough to treat as atom-level replacement.",residue_graph_replacement
Mono12,Mono12,Mono12,,,26,1,,Mono12,rule_mono_fallback,L,False,full_residue_fallback,full_residue_replacement,unknown,full_residue_graph,Mono12,high,True,auto_v6_retained_fallback_needs_review,v5: retained fallback; no reliable canonical anchor inferred,Mono12,unknown_replacement,unknown_replacement_without_monomer_structure,unknown_replacement,unknown_or_missing_structure,Mono12,False,False,not_eligible,not_eligible_until_structure_or_manual_curation,exclude_until_curated,True,No reliable automatic natural anchor/local edit decomposition; keep as unknown replacement.,unknown_replacement
Mono100,Mono100,Mono100,CNC(=O)[C@H](CSCC=O)NC,190.268,24,1,,Mono100,rule_mono_fallback,L,False,full_residue_fallback,full_residue_replacement,unknown,full_residue_graph,Mono100,high,True,auto_v6_retained_fallback_needs_review,v5: retained fallback; no reliable canonical anchor inferred,Mono100,unknown_replacement,unknown_replacement_with_monomer_structure,unknown_replacement,full_residue_graph,Mono100,False,True,not_eligible,eligible_as_low_confidence_full_residue_graph,atom_unknown_auxiliary,True,No reliable automatic natural anchor/local edit decomposition; keep as unknown replacement.,unknown_replacement
Mono11,Mono11,Mono11,,,24,1,,Mono11,rule_mono_fallback,L,False,full_residue_fallback,full_residue_replacement,unknown,full_residue_graph,Mono11,high,True,auto_v6_retained_fallback_needs_review,v5: retained fallback; no reliable canonical anchor inferred,Mono11,unknown_replacement,unknown_replacement_without_monomer_structure,unknown_replacement,unknown_or_missing_structure,Mono11,False,False,not_eligible,not_eligible_until_structure_or_manual_curation,exclude_until_curated,True,No reliable automatic natural anchor/local edit decomposition; keep as unknown replacement.,unknown_replacement
dPye,dPye,Pye,CN[C@@H](C=O)CCC(=O)N1CCCC1,198.266,24,1,E,,rule_pye_as_pyroglutamate_v5,D,False,stereochemistry_and_residue_replacement,pyroglutamate_or_glu_lactam+D_L_inversion,sidechain_to_backbone_lactam;alpha_C,combined_delta,Glu_to_Pye;L_to_D,medium,True,auto_v5_anchor_optimized,v5: rule-refined anchor/scope/payload,E,residue_graph_replacement,lactam_or_pyroglutamate_replacement,residue_graph_replacement,full_residue_graph,Glu_to_Pye;L_to_D,False,True,not_core_local_edit,eligible_auxiliary_full_atom,atom_replacement_auxiliary,True,"Has a natural anchor for alignment, but the edit changes residue/backbone graph enough to treat as atom-level replacement.",residue_graph_replacement
GABA,GABA,GABA,CNCCCC=O,101.149,23,1,A,gamma/extended-backbone,rule_gaba_to_ala_backbone_extension_v6,L,False,backbone_edit,gamma_amino_acid_backbone_extension,backbone,delta_graph,Ala_to_GABA,low,True,auto_v6_anchor_optimized,v6: GABA treated as Ala-anchored gamma-amino-acid backbone extension,A,residue_graph_replacement,backbone_length_or_topology_replacement,backbone_mimetic_edit,backbone_replacement_graph,Ala_to_GABA,False,True,not_core_local_edit,eligible_auxiliary_full_atom,atom_replacement_auxiliary,True,"Has a natural anchor for alignment, but the edit changes residue/backbone graph enough to treat as atom-level replacement.",residue_graph_replacement
Pye,Pye,Pye,CN[C@H](C=O)CCC(=O)N1CCCC1,198.266,21,1,E,,rule_pye_as_pyroglutamate_v5,L,False,residue_replacement,pyroglutamate_or_glu_lactam,sidechain_to_backbone_lactam,full_residue_graph,Glu_to_Pye,medium,True,auto_v5_anchor_optimized,v5: rule-refined anchor/scope/payload,E,residue_graph_replacement,lactam_or_pyroglutamate_replacement,residue_graph_replacement,full_residue_graph,Glu_to_Pye,False,True,not_core_local_edit,eligible_auxiliary_full_atom,atom_replacement_auxiliary,True,"Has a natural anchor for alignment, but the edit changes residue/backbone graph enough to treat as atom-level replacement.",residue_graph_replacement
Me_Bmt(E),Me_Bmt(E),Bmt(E),C/C=C/C[C@@H](C)[C@@H](OC)[C@@H](C=O)N(C)C,213.321,20,9,T,,rule_bmt_as_threonine_like_v5,L,True,backbone_and_R_group_edit,N_methylation+threonine_sidechain_unsaturated_extension,backbone_N;threonine_beta_C/O,combined_delta,N-H_to_N-CH3;Thr_sidechain_to_Bmt(E),high,True,auto_v5_anchor_optimized,v5: rule-refined anchor/scope/payload,T,residue_graph_replacement,large_residue_graph_replacement,residue_graph_replacement,full_residue_graph,N-H_to_N-CH3;Thr_sidechain_to_Bmt(E),False,True,not_core_local_edit,eligible_auxiliary_full_atom,atom_replacement_auxiliary,True,"Has a natural anchor for alignment, but the edit changes residue/backbone graph enough to treat as atom-level replacement.",residue_graph_replacement
Mono14,Mono14,Mono14,CC[C@@H](C)[C@H](NC)c1nc(C=O)cs1,212.318,17,2,,Mono14,rule_mono_fallback,L,False,full_residue_fallback,full_residue_replacement,unknown,full_residue_graph,Mono14,high,True,auto_v6_retained_fallback_needs_review,v5: retained fallback; no reliable canonical anchor inferred,Mono14,unknown_replacement,unknown_replacement_with_monomer_structure,unknown_replacement,full_residue_graph,Mono14,False,True,not_eligible,eligible_as_low_confidence_full_residue_graph,atom_unknown_auxiliary,True,No reliable automatic natural anchor/local edit decomposition; keep as unknown replacement.,unknown_replacement
Sta,Sta,Sta,CN[C@@H](CC(C)C)[C@@H](O)CC=O,173.256,17,1,L,backbone_mimetic,rule_statine_to_leu_manual_v6,L,False,backbone_and_R_group_edit,statine_hydroxyethylene_backbone_mimic,backbone;sidechain_Cbeta,full_residue_graph,Leu_to_statinelike_hydroxyethylene,low,True,auto_v6_anchor_optimized,v6: Statine-like residue has Leu-like side chain but backbone mimetic; anchor to Leu with manual review,L,residue_graph_replacement,backbone_mimetic_replacement,backbone_and_R_group_mimetic_edit,backbone_replacement_graph,Leu_to_statinelike_hydroxyethylene,False,True,not_core_local_edit,eligible_auxiliary_full_atom,atom_replacement_auxiliary,True,"Has a natural anchor for alignment, but the edit changes residue/backbone graph enough to treat as atom-level replacement.",residue_graph_replacement
d(N->O)aIle,d(N->O)aIle,(N->O)aIle,CC[C@H](C)[C@H](C=O)OC,130.187,13,2,I,,rule_depsipeptide_N_to_O_v5,D,False,backbone_and_stereochemistry_edit,amide_to_ester_N_to_O+D_L_inversion,backbone_N_to_O;alpha_C,combined_delta,amide_NH_to_ester_O;L_to_D,medium,True,auto_v5_anchor_optimized,v5 cleanup: normalized combined scope / depsipeptide mapping,I,local_interpretable_edit,depsipeptide_N_to_O_local_edit,backbone_and_stereochemistry_edit,combined_delta,amide_NH_to_ester_O;L_to_D,False,True,needs_manual_review_before_core_local_use,eligible_after_review_or_low_weight,local_candidate_needs_review,True,Interpretable local edit relative to anchor; suitable for core local edit labels when not manually blocked.,local_interpretable_edit
Mono10,Mono10,Mono10,,,12,1,,Mono10,rule_mono_fallback,L,False,full_residue_fallback,full_residue_replacement,unknown,full_residue_graph,Mono10,high,True,auto_v6_retained_fallback_needs_review,v5: retained fallback; no reliable canonical anchor inferred,Mono10,unknown_replacement,unknown_replacement_without_monomer_structure,unknown_replacement,unknown_or_missing_structure,Mono10,False,False,not_eligible,not_eligible_until_structure_or_manual_curation,exclude_until_curated,True,No reliable automatic natural anchor/local edit decomposition; keep as unknown replacement.,unknown_replacement
Mono9,Mono9,Mono9,,,12,1,,Mono9,rule_mono_fallback,L,False,full_residue_fallback,full_residue_replacement,unknown,full_residue_graph,Mono9,high,True,auto_v6_retained_fallback_needs_review,v5: retained fallback; no reliable canonical anchor inferred,Mono9,unknown_replacement,unknown_replacement_without_monomer_structure,unknown_replacement,unknown_or_missing_structure,Mono9,False,False,not_eligible,not_eligible_until_structure_or_manual_curation,exclude_until_curated,True,No reliable automatic natural anchor/local edit decomposition; keep as unknown replacement.,unknown_replacement
Mono13,Mono13,Mono13,CN[C@@H](C)[C@@H](C(=O)NC(C)(C)C)N1CCC[C@H]1C=O,269.389,10,2,,Mono13,rule_mono_fallback,L,False,full_residue_fallback,full_residue_replacement,unknown,full_residue_graph,Mono13,high,True,auto_v6_retained_fallback_needs_review,v5: retained fallback; no reliable canonical anchor inferred,Mono13,unknown_replacement,unknown_replacement_with_monomer_structure,unknown_replacement,full_residue_graph,Mono13,False,True,not_eligible,eligible_as_low_confidence_full_residue_graph,atom_unknown_auxiliary,True,No reliable automatic natural anchor/local edit decomposition; keep as unknown replacement.,unknown_replacement
Mono51,Mono51,Mono51,CN(C)[C@H](C=O)CCC1CCCC(F)(F)C1,233.302,8,1,,Mono51,rule_mono_fallback,L,False,full_residue_fallback,full_residue_replacement,unknown,full_residue_graph,Mono51,high,True,auto_v6_retained_fallback_needs_review,v5: retained fallback; no reliable canonical anchor inferred,Mono51,unknown_replacement,unknown_replacement_with_monomer_structure,unknown_replacement,full_residue_graph,Mono51,False,True,not_eligible,eligible_as_low_confidence_full_residue_graph,atom_unknown_auxiliary,True,No reliable automatic natural anchor/local edit decomposition; keep as unknown replacement.,unknown_replacement
Mono93,Mono93,Mono93,CNCCC[C@H](C)C=O,129.203,8,1,,Mono93,rule_mono_fallback,L,False,full_residue_fallback,full_residue_replacement,unknown,full_residue_graph,Mono93,high,True,auto_v6_retained_fallback_needs_review,v5: retained fallback; no reliable canonical anchor inferred,Mono93,unknown_replacement,unknown_replacement_with_monomer_structure,unknown_replacement,full_residue_graph,Mono93,False,True,not_eligible,eligible_as_low_confidence_full_residue_graph,atom_unknown_auxiliary,True,No reliable automatic natural anchor/local edit decomposition; keep as unknown replacement.,unknown_replacement
Mono35,Mono35,Mono35,CC[C@H](c1nnc([C@H](Cc2ccccc2)NC)o1)N1CCC[C@H]1C=O,342.443,7,2,,Mono35,rule_mono_fallback,L,False,full_residue_fallback,full_residue_replacement,unknown,full_residue_graph,Mono35,high,True,auto_v6_retained_fallback_needs_review,v5: retained fallback; no reliable canonical anchor inferred,Mono35,unknown_replacement,unknown_replacement_with_monomer_structure,unknown_replacement,full_residue_graph,Mono35,False,True,not_eligible,eligible_as_low_confidence_full_residue_graph,atom_unknown_auxiliary,True,No reliable automatic natural anchor/local edit decomposition; keep as unknown replacement.,unknown_replacement
Mono53,Mono53,Mono53,CN[C@H](C=O)Cc1ccc(N(C)C)nc1,207.277,7,1,,Mono53,rule_mono_fallback,L,False,full_residue_fallback,full_residue_replacement,unknown,full_residue_graph,Mono53,high,True,auto_v6_retained_fallback_needs_review,v5: retained fallback; no reliable canonical anchor inferred,Mono53,unknown_replacement,unknown_replacement_with_monomer_structure,unknown_replacement,full_residue_graph,Mono53,False,True,not_eligible,eligible_as_low_confidence_full_residue_graph,atom_unknown_auxiliary,True,No reliable automatic natural anchor/local edit decomposition; keep as unknown replacement.,unknown_replacement
"Sta(3R,4R)","Sta(3R,4R)","Sta(3R,4R)",CN[C@H](CC(C)C)[C@H](O)CC=O,173.256,7,1,L,backbone_mimetic,rule_statine_to_leu_manual_v6,L,False,backbone_and_R_group_edit,statine_hydroxyethylene_backbone_mimic,backbone;sidechain_Cbeta,full_residue_graph,Leu_to_statinelike_hydroxyethylene,high,True,auto_v6_anchor_optimized,v6: Statine-like residue has Leu-like side chain but backbone mimetic; anchor to Leu with manual review,L,residue_graph_replacement,backbone_mimetic_replacement,backbone_and_R_group_mimetic_edit,backbone_replacement_graph,Leu_to_statinelike_hydroxyethylene,False,True,not_core_local_edit,eligible_auxiliary_full_atom,atom_replacement_auxiliary,True,"Has a natural anchor for alignment, but the edit changes residue/backbone graph enough to treat as atom-level replacement.",residue_graph_replacement
5-Ava,5-Ava,5-Ava,CNCCCCC=O,115.176,6,1,A,omega/extended-backbone,rule_5_ava_to_ala_backbone_extension_v6,L,False,backbone_edit,omega_amino_acid_backbone_extension,backbone,delta_graph,Ala_to_5-Ava,low,True,auto_v6_anchor_optimized,v6: 5-Ava treated as Ala-anchored omega-amino-acid backbone extension,A,residue_graph_replacement,backbone_length_or_topology_replacement,backbone_mimetic_edit,backbone_replacement_graph,Ala_to_5-Ava,False,True,not_core_local_edit,eligible_auxiliary_full_atom,atom_replacement_auxiliary,True,"Has a natural anchor for alignment, but the edit changes residue/backbone graph enough to treat as atom-level replacement.",residue_graph_replacement
Mono104,Mono104,Mono104,CN[C@@H](CC(C)C)c1nc(C=O)co1,196.25,6,1,,Mono104,rule_mono_fallback,L,False,full_residue_fallback,full_residue_replacement,unknown,full_residue_graph,Mono104,high,True,auto_v6_retained_fallback_needs_review,v5: retained fallback; no reliable canonical anchor inferred,Mono104,unknown_replacement,unknown_replacement_with_monomer_structure,unknown_replacement,full_residue_graph,Mono104,False,True,not_eligible,eligible_as_low_confidence_full_residue_graph,atom_unknown_auxiliary,True,No reliable automatic natural anchor/local edit decomposition; keep as unknown replacement.,unknown_replacement
Mono46,Mono46,Mono46,CN[C@@H](CSc1ccccc1)[C@@H](C(=O)NC(C)(C)C)N1CCC[C@H]1C=O,377.554,5,1,,Mono46,rule_mono_fallback,L,False,full_residue_fallback,full_residue_replacement,unknown,full_residue_graph,Mono46,high,True,auto_v6_retained_fallback_needs_review,v5: retained fallback; no reliable canonical anchor inferred,Mono46,unknown_replacement,unknown_replacement_with_monomer_structure,unknown_replacement,full_residue_graph,Mono46,False,True,not_eligible,eligible_as_low_confidence_full_residue_graph,atom_unknown_auxiliary,True,No reliable automatic natural anchor/local edit decomposition; keep as unknown replacement.,unknown_replacement
Mono67,Mono67,Mono67,CCC[C@H](C)[C@@H](OC)[C@@H](C)[C@@H](O)C/C=C(\C)C=O,256.386,5,1,,Mono67,rule_mono_fallback,L,False,full_residue_fallback,full_residue_replacement,unknown,full_residue_graph,Mono67,high,True,auto_v6_retained_fallback_needs_review,v5: retained fallback; no reliable canonical anchor inferred,Mono67,unknown_replacement,unknown_replacement_with_monomer_structure,unknown_replacement,full_residue_graph,Mono67,False,True,not_eligible,eligible_as_low_confidence_full_residue_graph,atom_unknown_auxiliary,True,No reliable automatic natural anchor/local edit decomposition; keep as unknown replacement.,unknown_replacement
Me_Abu(morpholino),Me_Abu(morpholino),Abu(morpholino),CN(C)[C@H](C=O)CCN1CCOCC1,200.282,4,2,A,,rule_abu_morpholino_to_ala_v6,L,True,backbone_and_R_group_edit,N_methylation+alanine_sidechain_extension_to_morpholinoethyl,backbone_N;sidechain_Cbeta,combined_delta,N-H_to_N-CH3;Ala_CH3_to_CH2CH2-morpholino,high,True,auto_v6_anchor_optimized,"v6: N-methyl Abu(morpholino) is Ala-anchored N-methyl plus side-chain extension, manual review retained",A,local_interpretable_edit,backbone_N_substitution_or_N_methylation,backbone_and_R_group_edit,combined_delta,N-H_to_N-CH3;Ala_CH3_to_CH2CH2-morpholino,False,True,needs_manual_review_before_core_local_use,eligible_after_review_or_low_weight,local_candidate_needs_review,True,Interpretable local edit relative to anchor; suitable for core local edit labels when not manually blocked.,local_interpretable_edit
Cys(EtO2H)_NH2,Cys(EtO2H)_NH2,Cys(EtO2H)_NH2,CN[C@@H](CSCC=O)C(N)=O,176.241,4,1,C,,rule_cys_sidechain_terminal_derivative_v6,L,False,backbone_and_R_group_edit,cysteine_sidechain_derivatization+terminal_amidation,cysteine_sulfur;terminal_carboxyl,combined_delta,Cys_thiol_to_S-CH2CHO;terminal_carboxyl_to_amide,high,True,auto_v6_anchor_optimized,v6: Cys side-chain derivatization with terminal amide; anchor to Cys but keep manual review,C,local_interpretable_edit,sidechain_R_group_edit,backbone_and_R_group_edit,combined_delta,Cys_thiol_to_S-CH2CHO;terminal_carboxyl_to_amide,False,True,needs_manual_review_before_core_local_use,eligible_after_review_or_low_weight,local_candidate_needs_review,True,Interpretable local edit relative to anchor; suitable for core local edit labels when not manually blocked.,local_interpretable_edit
Mono59,Mono59,Mono59,CN1C[C@H](N2CCC(F)(F)CC2)C[C@H]1C=O,232.274,4,1,,Mono59,rule_mono_fallback,L,False,full_residue_fallback,full_residue_replacement,unknown,full_residue_graph,Mono59,high,True,auto_v6_retained_fallback_needs_review,v5: retained fallback; no reliable canonical anchor inferred,Mono59,unknown_replacement,unknown_replacement_with_monomer_structure,unknown_replacement,full_residue_graph,Mono59,False,True,not_eligible,eligible_as_low_confidence_full_residue_graph,atom_unknown_auxiliary,True,No reliable automatic natural anchor/local edit decomposition; keep as unknown replacement.,unknown_replacement
Mono61,Mono61,Mono61,CCCC[C@@H](O)[C@@H](C=O)NC,159.229,4,1,,Mono61,rule_mono_fallback,L,False,full_residue_fallback,full_residue_replacement,unknown,full_residue_graph,Mono61,high,True,auto_v6_retained_fallback_needs_review,v5: retained fallback; no reliable canonical anchor inferred,Mono61,unknown_replacement,unknown_replacement_with_monomer_structure,unknown_replacement,full_residue_graph,Mono61,False,True,not_eligible,eligible_as_low_confidence_full_residue_graph,atom_unknown_auxiliary,True,No reliable automatic natural anchor/local edit decomposition; keep as unknown replacement.,unknown_replacement
Mono8,Mono8,Mono8,CN[C@@H](CC=O)C(F)(F)F,155.119,4,1,,Mono8,rule_mono_fallback,L,False,full_residue_fallback,full_residue_replacement,unknown,full_residue_graph,Mono8,high,True,auto_v6_retained_fallback_needs_review,v5: retained fallback; no reliable canonical anchor inferred,Mono8,unknown_replacement,unknown_replacement_with_monomer_structure,unknown_replacement,full_residue_graph,Mono8,False,True,not_eligible,eligible_as_low_confidence_full_residue_graph,atom_unknown_auxiliary,True,No reliable automatic natural anchor/local edit decomposition; keep as unknown replacement.,unknown_replacement
Mono85,Mono85,Mono85,CNCCCCCCN[C@H](C)C=O,186.299,4,1,,Mono85,rule_mono_fallback,L,False,full_residue_fallback,full_residue_replacement,unknown,full_residue_graph,Mono85,high,True,auto_v6_retained_fallback_needs_review,v5: retained fallback; no reliable canonical anchor inferred,Mono85,unknown_replacement,unknown_replacement_with_monomer_structure,unknown_replacement,full_residue_graph,Mono85,False,True,not_eligible,eligible_as_low_confidence_full_residue_graph,atom_unknown_auxiliary,True,No reliable automatic natural anchor/local edit decomposition; keep as unknown replacement.,unknown_replacement
Mono92,Mono92,Mono92,CNCCC[C@@H](C)C=O,129.203,4,1,,Mono92,rule_mono_fallback,L,False,full_residue_fallback,full_residue_replacement,unknown,full_residue_graph,Mono92,high,True,auto_v6_retained_fallback_needs_review,v5: retained fallback; no reliable canonical anchor inferred,Mono92,unknown_replacement,unknown_replacement_with_monomer_structure,unknown_replacement,full_residue_graph,Mono92,False,True,not_eligible,eligible_as_low_confidence_full_residue_graph,atom_unknown_auxiliary,True,No reliable automatic natural anchor/local edit decomposition; keep as unknown replacement.,unknown_replacement
Mono94,Mono94,Mono94,CNCC[C@@H](C)CC=O,129.203,4,1,,Mono94,rule_mono_fallback,L,False,full_residue_fallback,full_residue_replacement,unknown,full_residue_graph,Mono94,high,True,auto_v6_retained_fallback_needs_review,v5: retained fallback; no reliable canonical anchor inferred,Mono94,unknown_replacement,unknown_replacement_with_monomer_structure,unknown_replacement,full_residue_graph,Mono94,False,True,not_eligible,eligible_as_low_confidence_full_residue_graph,atom_unknown_auxiliary,True,No reliable automatic natural anchor/local edit decomposition; keep as unknown replacement.,unknown_replacement
Mono95,Mono95,Mono95,CNCC[C@H](C)CC=O,129.203,4,1,,Mono95,rule_mono_fallback,L,False,full_residue_fallback,full_residue_replacement,unknown,full_residue_graph,Mono95,high,True,auto_v6_retained_fallback_needs_review,v5: retained fallback; no reliable canonical anchor inferred,Mono95,unknown_replacement,unknown_replacement_with_monomer_structure,unknown_replacement,full_residue_graph,Mono95,False,True,not_eligible,eligible_as_low_confidence_full_residue_graph,atom_unknown_auxiliary,True,No reliable automatic natural anchor/local edit decomposition; keep as unknown replacement.,unknown_replacement
Mono96,Mono96,Mono96,CNC[C@H](C)CCC=O,129.203,4,1,,Mono96,rule_mono_fallback,L,False,full_residue_fallback,full_residue_replacement,unknown,full_residue_graph,Mono96,high,True,auto_v6_retained_fallback_needs_review,v5: retained fallback; no reliable canonical anchor inferred,Mono96,unknown_replacement,unknown_replacement_with_monomer_structure,unknown_replacement,full_residue_graph,Mono96,False,True,not_eligible,eligible_as_low_confidence_full_residue_graph,atom_unknown_auxiliary,True,No reliable automatic natural anchor/local edit decomposition; keep as unknown replacement.,unknown_replacement
Mono97,Mono97,Mono97,CNC[C@@H](C)CCC=O,129.203,4,1,,Mono97,rule_mono_fallback,L,False,full_residue_fallback,full_residue_replacement,unknown,full_residue_graph,Mono97,high,True,auto_v6_retained_fallback_needs_review,v5: retained fallback; no reliable canonical anchor inferred,Mono97,unknown_replacement,unknown_replacement_with_monomer_structure,unknown_replacement,full_residue_graph,Mono97,False,True,not_eligible,eligible_as_low_confidence_full_residue_graph,atom_unknown_auxiliary,True,No reliable automatic natural anchor/local edit decomposition; keep as unknown replacement.,unknown_replacement
Mono98,Mono98,Mono98,CN[C@H](C)CCCC=O,129.203,4,1,,Mono98,rule_mono_fallback,L,False,full_residue_fallback,full_residue_replacement,unknown,full_residue_graph,Mono98,high,True,auto_v6_retained_fallback_needs_review,v5: retained fallback; no reliable canonical anchor inferred,Mono98,unknown_replacement,unknown_replacement_with_monomer_structure,unknown_replacement,full_residue_graph,Mono98,False,True,not_eligible,eligible_as_low_confidence_full_residue_graph,atom_unknown_auxiliary,True,No reliable automatic natural anchor/local edit decomposition; keep as unknown replacement.,unknown_replacement
Mono99,Mono99,Mono99,CN[C@@H](C)CCCC=O,129.203,4,1,,Mono99,rule_mono_fallback,L,False,full_residue_fallback,full_residue_replacement,unknown,full_residue_graph,Mono99,high,True,auto_v6_retained_fallback_needs_review,v5: retained fallback; no reliable canonical anchor inferred,Mono99,unknown_replacement,unknown_replacement_with_monomer_structure,unknown_replacement,full_residue_graph,Mono99,False,True,not_eligible,eligible_as_low_confidence_full_residue_graph,atom_unknown_auxiliary,True,No reliable automatic natural anchor/local edit decomposition; keep as unknown replacement.,unknown_replacement
Glu_NH2,Glu_NH2,Glu_NH2,CN[C@@H](CCC=O)C(N)=O,144.174,3,1,Q,,rule_glu_nh2_as_gln_v5,L,False,none,none,,,,medium,True,auto_v5_anchor_optimized,v5: rule-refined anchor/scope/payload,Q,natural_or_anchor_equivalent,anchor_equivalent_or_normalized_residue,none,,,False,False,not_an_edit,not_an_edit,reference_or_no_edit,True,"Normalized to a natural anchor with no explicit edit payload; use as reference/equivalent, not as a separate edit label.",natural_or_anchor_equivalent
Mono101,Mono101,Mono101,CNC(=O)[C@H](CSCC=O)N(C)C,204.295,3,1,,Mono101,rule_mono_fallback,L,False,full_residue_fallback,full_residue_replacement,unknown,full_residue_graph,Mono101,high,True,auto_v6_retained_fallback_needs_review,v5: retained fallback; no reliable canonical anchor inferred,Mono101,unknown_replacement,unknown_replacement_with_monomer_structure,unknown_replacement,full_residue_graph,Mono101,False,True,not_eligible,eligible_as_low_confidence_full_residue_graph,atom_unknown_auxiliary,True,No reliable automatic natural anchor/local edit decomposition; keep as unknown replacement.,unknown_replacement
Mono103,Mono103,Mono103,CC[C@H](c1nnc([C@H](Cc2ccccc2)NC)o1)N1CCC[C@H]1c1nc(C=O)cs1,425.558,3,1,,Mono103,rule_mono_fallback,L,False,full_residue_fallback,full_residue_replacement,unknown,full_residue_graph,Mono103,high,True,auto_v6_retained_fallback_needs_review,v5: retained fallback; no reliable canonical anchor inferred,Mono103,unknown_replacement,unknown_replacement_with_monomer_structure,unknown_replacement,full_residue_graph,Mono103,False,True,not_eligible,eligible_as_low_confidence_full_residue_graph,atom_unknown_auxiliary,True,No reliable automatic natural anchor/local edit decomposition; keep as unknown replacement.,unknown_replacement
Mono83,Mono83,Mono83,CNCCCCCCNCC=O,172.272,3,1,,Mono83,rule_mono_fallback,L,False,full_residue_fallback,full_residue_replacement,unknown,full_residue_graph,Mono83,high,True,auto_v6_retained_fallback_needs_review,v5: retained fallback; no reliable canonical anchor inferred,Mono83,unknown_replacement,unknown_replacement_with_monomer_structure,unknown_replacement,full_residue_graph,Mono83,False,True,not_eligible,eligible_as_low_confidence_full_residue_graph,atom_unknown_auxiliary,True,No reliable automatic natural anchor/local edit decomposition; keep as unknown replacement.,unknown_replacement
Mono84,Mono84,Mono84,CNCCCCCCN[C@@H](C)C=O,186.299,3,1,,Mono84,rule_mono_fallback,L,False,full_residue_fallback,full_residue_replacement,unknown,full_residue_graph,Mono84,high,True,auto_v6_retained_fallback_needs_review,v5: retained fallback; no reliable canonical anchor inferred,Mono84,unknown_replacement,unknown_replacement_with_monomer_structure,unknown_replacement,full_residue_graph,Mono84,False,True,not_eligible,eligible_as_low_confidence_full_residue_graph,atom_unknown_auxiliary,True,No reliable automatic natural anchor/local edit decomposition; keep as unknown replacement.,unknown_replacement
Hse(Et),Hse(Et),Hse(Et),CCOCC[C@@H](C=O)NC,145.202,2,1,S,,rule_hse_et_to_ser_v6,L,False,R_group_edit,serine_sidechain_extension+O_ethylation,serine_OH/sidechain_Cbeta,r_group_delta,Ser_CH2OH_to_CH2CH2OEt,high,True,auto_v6_anchor_optimized,v6: O-ethyl homoserine is Ser-anchored side-chain extension plus O-ethylation; keep manual review,S,local_interpretable_edit,sidechain_R_group_edit,R_group_edit,r_group_delta,Ser_CH2OH_to_CH2CH2OEt,False,True,needs_manual_review_before_core_local_use,eligible_after_review_or_low_weight,local_candidate_needs_review,True,Interpretable local edit relative to anchor; suitable for core local edit labels when not manually blocked.,local_interpretable_edit
Mono102,Mono102,Mono102,CN1CCC[C@H]1c1nc(C=O)cs1,196.275,2,1,,Mono102,rule_mono_fallback,L,False,full_residue_fallback,full_residue_replacement,unknown,full_residue_graph,Mono102,high,True,auto_v6_retained_fallback_needs_review,v5: retained fallback; no reliable canonical anchor inferred,Mono102,unknown_replacement,unknown_replacement_with_monomer_structure,unknown_replacement,full_residue_graph,Mono102,False,True,not_eligible,eligible_as_low_confidence_full_residue_graph,atom_unknown_auxiliary,True,No reliable automatic natural anchor/local edit decomposition; keep as unknown replacement.,unknown_replacement
Mono16,Mono16,Mono16,CO[C@@H](C=O)CC(O)CCl,166.604,2,1,,Mono16,rule_mono_fallback,L,False,full_residue_fallback,full_residue_replacement,unknown,full_residue_graph,Mono16,high,True,auto_v6_retained_fallback_needs_review,v5: retained fallback; no reliable canonical anchor inferred,Mono16,unknown_replacement,unknown_replacement_with_monomer_structure,unknown_replacement,full_residue_graph,Mono16,False,True,not_eligible,eligible_as_low_confidence_full_residue_graph,atom_unknown_auxiliary,True,No reliable automatic natural anchor/local edit decomposition; keep as unknown replacement.,unknown_replacement
Mono28,Mono28,Mono28,CN[C@H](/C=C(\C)C=O)CC(C)C,169.268,2,1,,Mono28,rule_mono_fallback,L,False,full_residue_fallback,full_residue_replacement,unknown,full_residue_graph,Mono28,high,True,auto_v6_retained_fallback_needs_review,v5: retained fallback; no reliable canonical anchor inferred,Mono28,unknown_replacement,unknown_replacement_with_monomer_structure,unknown_replacement,full_residue_graph,Mono28,False,True,not_eligible,eligible_as_low_confidence_full_residue_graph,atom_unknown_auxiliary,True,No reliable automatic natural anchor/local edit decomposition; keep as unknown replacement.,unknown_replacement
Mono29,Mono29,Mono29,CN[C@@H](/C=C(\C)C=O)CC(C)C,169.268,2,1,,Mono29,rule_mono_fallback,L,False,full_residue_fallback,full_residue_replacement,unknown,full_residue_graph,Mono29,high,True,auto_v6_retained_fallback_needs_review,v5: retained fallback; no reliable canonical anchor inferred,Mono29,unknown_replacement,unknown_replacement_with_monomer_structure,unknown_replacement,full_residue_graph,Mono29,False,True,not_eligible,eligible_as_low_confidence_full_residue_graph,atom_unknown_auxiliary,True,No reliable automatic natural anchor/local edit decomposition; keep as unknown replacement.,unknown_replacement
Mono31,Mono31,Mono31,CN[C@H](c1nc(C=O)cs1)C(C)C,198.291,2,1,,Mono31,rule_mono_fallback,L,False,full_residue_fallback,full_residue_replacement,unknown,full_residue_graph,Mono31,high,True,auto_v6_retained_fallback_needs_review,v5: retained fallback; no reliable canonical anchor inferred,Mono31,unknown_replacement,unknown_replacement_with_monomer_structure,unknown_replacement,full_residue_graph,Mono31,False,True,not_eligible,eligible_as_low_confidence_full_residue_graph,atom_unknown_auxiliary,True,No reliable automatic natural anchor/local edit decomposition; keep as unknown replacement.,unknown_replacement
Mono52,Mono52,Mono52,CN(C)[C@H](C=O)CCC1CCC(F)(F)CC1,233.302,2,1,,Mono52,rule_mono_fallback,L,False,full_residue_fallback,full_residue_replacement,unknown,full_residue_graph,Mono52,high,True,auto_v6_retained_fallback_needs_review,v5: retained fallback; no reliable canonical anchor inferred,Mono52,unknown_replacement,unknown_replacement_with_monomer_structure,unknown_replacement,full_residue_graph,Mono52,False,True,not_eligible,eligible_as_low_confidence_full_residue_graph,atom_unknown_auxiliary,True,No reliable automatic natural anchor/local edit decomposition; keep as unknown replacement.,unknown_replacement
Mono60,Mono60,Mono60,CN1C[C@@H](N2CCC(F)(F)CC2)C[C@H]1C=O,232.274,2,1,,Mono60,rule_mono_fallback,L,False,full_residue_fallback,full_residue_replacement,unknown,full_residue_graph,Mono60,high,True,auto_v6_retained_fallback_needs_review,v5: retained fallback; no reliable canonical anchor inferred,Mono60,unknown_replacement,unknown_replacement_with_monomer_structure,unknown_replacement,full_residue_graph,Mono60,False,True,not_eligible,eligible_as_low_confidence_full_residue_graph,atom_unknown_auxiliary,True,No reliable automatic natural anchor/local edit decomposition; keep as unknown replacement.,unknown_replacement
Mono63,Mono63,Mono63,CN[C@H](C=O)CCc1noc(=O)[nH]1,185.183,2,1,,Mono63,rule_mono_fallback,L,False,full_residue_fallback,full_residue_replacement,unknown,full_residue_graph,Mono63,high,True,auto_v6_retained_fallback_needs_review,v5: retained fallback; no reliable canonical anchor inferred,Mono63,unknown_replacement,unknown_replacement_with_monomer_structure,unknown_replacement,full_residue_graph,Mono63,False,True,not_eligible,eligible_as_low_confidence_full_residue_graph,atom_unknown_auxiliary,True,No reliable automatic natural anchor/local edit decomposition; keep as unknown replacement.,unknown_replacement
(N->O)xiIle,(N->O)xiIle,(N->O)xiIle,CCC(C)[C@@H](C=O)OC,130.187,1,1,I,,rule_depsipeptide_N_to_O_v6,L,False,backbone_edit,amide_to_ester_N_to_O,backbone_N/O,delta_graph,amide_NH_to_ester_O,medium,True,auto_v6_anchor_optimized,v6: Depsipeptide N->O residue anchored to its matching natural residue,I,local_interpretable_edit,depsipeptide_N_to_O_local_edit,backbone_edit,delta_graph,amide_NH_to_ester_O,False,True,needs_manual_review_before_core_local_use,eligible_after_review_or_low_weight,local_candidate_needs_review,True,Interpretable local edit relative to anchor; suitable for core local edit labels when not manually blocked.,local_interpretable_edit
2Abz,2Abz,2Abz,CNc1ccccc1C=O,135.166,1,1,,2Abz,rule_unknown_pseudo,L,False,full_residue_fallback,full_residue_replacement,unknown,full_residue_graph,2Abz,high,True,auto_v6_retained_fallback_needs_review,v5: retained fallback; no reliable canonical anchor inferred,2Abz,unknown_replacement,unknown_replacement_with_monomer_structure,unknown_replacement,full_residue_graph,2Abz,False,True,not_eligible,eligible_as_low_confidence_full_residue_graph,atom_unknown_auxiliary,True,No reliable automatic natural anchor/local edit decomposition; keep as unknown replacement.,unknown_replacement
Mono105,Mono105,Mono105,CC[C@H](c1nnc([C@H](Cc2ccc(O)cc2)NC)o1)N1CCC[C@H]1c1nc(C=O)cs1,441.557,1,1,,Mono105,rule_mono_fallback,L,False,full_residue_fallback,full_residue_replacement,unknown,full_residue_graph,Mono105,high,True,auto_v6_retained_fallback_needs_review,v5: retained fallback; no reliable canonical anchor inferred,Mono105,unknown_replacement,unknown_replacement_with_monomer_structure,unknown_replacement,full_residue_graph,Mono105,False,True,not_eligible,eligible_as_low_confidence_full_residue_graph,atom_unknown_auxiliary,True,No reliable automatic natural anchor/local edit decomposition; keep as unknown replacement.,unknown_replacement
Mono106,Mono106,Mono106,CN[C@@H](Cc1ccccc1)c1nc(C=O)co1,230.267,1,1,,Mono106,rule_mono_fallback,L,False,full_residue_fallback,full_residue_replacement,unknown,full_residue_graph,Mono106,high,True,auto_v6_retained_fallback_needs_review,v5: retained fallback; no reliable canonical anchor inferred,Mono106,unknown_replacement,unknown_replacement_with_monomer_structure,unknown_replacement,full_residue_graph,Mono106,False,True,not_eligible,eligible_as_low_confidence_full_residue_graph,atom_unknown_auxiliary,True,No reliable automatic natural anchor/local edit decomposition; keep as unknown replacement.,unknown_replacement
Mono107,Mono107,Mono107,CC[C@@H](N[C@H](c1nc(C=O)cs1)C(C)C)c1nnc([C@H](Cc2ccccc2)NC)o1,427.574,1,1,,Mono107,rule_mono_fallback,L,False,full_residue_fallback,full_residue_replacement,unknown,full_residue_graph,Mono107,high,True,auto_v6_retained_fallback_needs_review,v5: retained fallback; no reliable canonical anchor inferred,Mono107,unknown_replacement,unknown_replacement_with_monomer_structure,unknown_replacement,full_residue_graph,Mono107,False,True,not_eligible,eligible_as_low_confidence_full_residue_graph,atom_unknown_auxiliary,True,No reliable automatic natural anchor/local edit decomposition; keep as unknown replacement.,unknown_replacement
Mono108,Mono108,Mono108,CN[C@@H](Cc1csc(C2=N[C@H](C=O)CS2)c1)C(N)=O,297.405,1,1,,Mono108,rule_mono_fallback,L,False,full_residue_fallback,full_residue_replacement,unknown,full_residue_graph,Mono108,high,True,auto_v6_retained_fallback_needs_review,v5: retained fallback; no reliable canonical anchor inferred,Mono108,unknown_replacement,unknown_replacement_with_monomer_structure,unknown_replacement,full_residue_graph,Mono108,False,True,not_eligible,eligible_as_low_confidence_full_residue_graph,atom_unknown_auxiliary,True,No reliable automatic natural anchor/local edit decomposition; keep as unknown replacement.,unknown_replacement
Mono109,Mono109,Mono109,CN[C@@H](Cc1cc(C2=N[C@H](C=O)CS2)cs1)C(N)=O,297.405,1,1,,Mono109,rule_mono_fallback,L,False,full_residue_fallback,full_residue_replacement,unknown,full_residue_graph,Mono109,high,True,auto_v6_retained_fallback_needs_review,v5: retained fallback; no reliable canonical anchor inferred,Mono109,unknown_replacement,unknown_replacement_with_monomer_structure,unknown_replacement,full_residue_graph,Mono109,False,True,not_eligible,eligible_as_low_confidence_full_residue_graph,atom_unknown_auxiliary,True,No reliable automatic natural anchor/local edit decomposition; keep as unknown replacement.,unknown_replacement
Mono110,Mono110,Mono110,CN[C@@H](Cc1cccc(C2=N[C@H](C=O)CS2)c1)C(N)=O,291.376,1,1,,Mono110,rule_mono_fallback,L,False,full_residue_fallback,full_residue_replacement,unknown,full_residue_graph,Mono110,high,True,auto_v6_retained_fallback_needs_review,v5: retained fallback; no reliable canonical anchor inferred,Mono110,unknown_replacement,unknown_replacement_with_monomer_structure,unknown_replacement,full_residue_graph,Mono110,False,True,not_eligible,eligible_as_low_confidence_full_residue_graph,atom_unknown_auxiliary,True,No reliable automatic natural anchor/local edit decomposition; keep as unknown replacement.,unknown_replacement
Mono111,Mono111,Mono111,CN[C@@H](Cc1cncc(C2=N[C@H](C=O)CS2)c1)C(N)=O,292.364,1,1,,Mono111,rule_mono_fallback,L,False,full_residue_fallback,full_residue_replacement,unknown,full_residue_graph,Mono111,high,True,auto_v6_retained_fallback_needs_review,v5: retained fallback; no reliable canonical anchor inferred,Mono111,unknown_replacement,unknown_replacement_with_monomer_structure,unknown_replacement,full_residue_graph,Mono111,False,True,not_eligible,eligible_as_low_confidence_full_residue_graph,atom_unknown_auxiliary,True,No reliable automatic natural anchor/local edit decomposition; keep as unknown replacement.,unknown_replacement
Mono112,Mono112,Mono112,CN[C@@H](CC1=N[C@H](C=O)CS1)C(N)=O,215.278,1,1,,Mono112,rule_mono_fallback,L,False,full_residue_fallback,full_residue_replacement,unknown,full_residue_graph,Mono112,high,True,auto_v6_retained_fallback_needs_review,v5: retained fallback; no reliable canonical anchor inferred,Mono112,unknown_replacement,unknown_replacement_with_monomer_structure,unknown_replacement,full_residue_graph,Mono112,False,True,not_eligible,eligible_as_low_confidence_full_residue_graph,atom_unknown_auxiliary,True,No reliable automatic natural anchor/local edit decomposition; keep as unknown replacement.,unknown_replacement
Mono15,Mono15,Mono15,C/C=C/C[C@@H](C)[C@@H](OC(C)=O)[C@@H](C=O)N(C)C,241.331,1,1,,Mono15,rule_mono_fallback,L,False,full_residue_fallback,full_residue_replacement,unknown,full_residue_graph,Mono15,high,True,auto_v6_retained_fallback_needs_review,v5: retained fallback; no reliable canonical anchor inferred,Mono15,unknown_replacement,unknown_replacement_with_monomer_structure,unknown_replacement,full_residue_graph,Mono15,False,True,not_eligible,eligible_as_low_confidence_full_residue_graph,atom_unknown_auxiliary,True,No reliable automatic natural anchor/local edit decomposition; keep as unknown replacement.,unknown_replacement
Mono17,Mono17,Mono17,CN[C@H](C)c1nc(C=O)cs1,170.237,1,1,,Mono17,rule_mono_fallback,L,False,full_residue_fallback,full_residue_replacement,unknown,full_residue_graph,Mono17,high,True,auto_v6_retained_fallback_needs_review,v5: retained fallback; no reliable canonical anchor inferred,Mono17,unknown_replacement,unknown_replacement_with_monomer_structure,unknown_replacement,full_residue_graph,Mono17,False,True,not_eligible,eligible_as_low_confidence_full_residue_graph,atom_unknown_auxiliary,True,No reliable automatic natural anchor/local edit decomposition; keep as unknown replacement.,unknown_replacement
Mono18,Mono18,Mono18,CC[C@H](C)[C@H](NC)C1=N[C@H](C=O)[C@@H](C)O1,212.293,1,1,,Mono18,rule_mono_fallback,L,False,full_residue_fallback,full_residue_replacement,unknown,full_residue_graph,Mono18,high,True,auto_v6_retained_fallback_needs_review,v5: retained fallback; no reliable canonical anchor inferred,Mono18,unknown_replacement,unknown_replacement_with_monomer_structure,unknown_replacement,full_residue_graph,Mono18,False,True,not_eligible,eligible_as_low_confidence_full_residue_graph,atom_unknown_auxiliary,True,No reliable automatic natural anchor/local edit decomposition; keep as unknown replacement.,unknown_replacement
Mono19,Mono19,Mono19,CN[C@H](Cc1ccccc1)c1nc(C=O)cs1,246.335,1,1,,Mono19,rule_mono_fallback,L,False,full_residue_fallback,full_residue_replacement,unknown,full_residue_graph,Mono19,high,True,auto_v6_retained_fallback_needs_review,v5: retained fallback; no reliable canonical anchor inferred,Mono19,unknown_replacement,unknown_replacement_with_monomer_structure,unknown_replacement,full_residue_graph,Mono19,False,True,not_eligible,eligible_as_low_confidence_full_residue_graph,atom_unknown_auxiliary,True,No reliable automatic natural anchor/local edit decomposition; keep as unknown replacement.,unknown_replacement
Mono2,Mono2,Mono2,C[C@H]1CCN(C)[C@@H]1C=O,127.187,1,1,,Mono2,rule_mono_fallback,L,False,full_residue_fallback,full_residue_replacement,unknown,full_residue_graph,Mono2,high,True,auto_v6_retained_fallback_needs_review,v5: retained fallback; no reliable canonical anchor inferred,Mono2,unknown_replacement,unknown_replacement_with_monomer_structure,unknown_replacement,full_residue_graph,Mono2,False,True,not_eligible,eligible_as_low_confidence_full_residue_graph,atom_unknown_auxiliary,True,No reliable automatic natural anchor/local edit decomposition; keep as unknown replacement.,unknown_replacement
Mono20,Mono20,Mono20,CN[C@H](C1=N[C@H](C=O)[C@@H](C)O1)C(C)C,198.266,1,1,,Mono20,rule_mono_fallback,L,False,full_residue_fallback,full_residue_replacement,unknown,full_residue_graph,Mono20,high,True,auto_v6_retained_fallback_needs_review,v5: retained fallback; no reliable canonical anchor inferred,Mono20,unknown_replacement,unknown_replacement_with_monomer_structure,unknown_replacement,full_residue_graph,Mono20,False,True,not_eligible,eligible_as_low_confidence_full_residue_graph,atom_unknown_auxiliary,True,No reliable automatic natural anchor/local edit decomposition; keep as unknown replacement.,unknown_replacement
Mono23,Mono23,Mono23,,,1,1,,Mono23,rule_mono_fallback,L,False,full_residue_fallback,full_residue_replacement,unknown,full_residue_graph,Mono23,high,True,auto_v6_retained_fallback_needs_review,v5: retained fallback; no reliable canonical anchor inferred,Mono23,unknown_replacement,unknown_replacement_without_monomer_structure,unknown_replacement,unknown_or_missing_structure,Mono23,False,False,not_eligible,not_eligible_until_structure_or_manual_curation,exclude_until_curated,True,No reliable automatic natural anchor/local edit decomposition; keep as unknown replacement.,unknown_replacement
Mono24,Mono24,Mono24,,,1,1,,Mono24,rule_mono_fallback,L,False,full_residue_fallback,full_residue_replacement,unknown,full_residue_graph,Mono24,high,True,auto_v6_retained_fallback_needs_review,v5: retained fallback; no reliable canonical anchor inferred,Mono24,unknown_replacement,unknown_replacement_without_monomer_structure,unknown_replacement,unknown_or_missing_structure,Mono24,False,False,not_eligible,not_eligible_until_structure_or_manual_curation,exclude_until_curated,True,No reliable automatic natural anchor/local edit decomposition; keep as unknown replacement.,unknown_replacement
Mono25,Mono25,Mono25,CN1CC[C@H](Cl)C[C@H]1C=O,161.632,1,1,,Mono25,rule_mono_fallback,L,False,full_residue_fallback,full_residue_replacement,unknown,full_residue_graph,Mono25,high,True,auto_v6_retained_fallback_needs_review,v5: retained fallback; no reliable canonical anchor inferred,Mono25,unknown_replacement,unknown_replacement_with_monomer_structure,unknown_replacement,full_residue_graph,Mono25,False,True,not_eligible,eligible_as_low_confidence_full_residue_graph,atom_unknown_auxiliary,True,No reliable automatic natural anchor/local edit decomposition; keep as unknown replacement.,unknown_replacement
Mono26,Mono26,Mono26,CC[C@H](C)[C@@H](NC)[C@@H](O)CC=O,173.256,1,1,,Mono26,rule_mono_fallback,L,False,full_residue_fallback,full_residue_replacement,unknown,full_residue_graph,Mono26,high,True,auto_v6_retained_fallback_needs_review,v5: retained fallback; no reliable canonical anchor inferred,Mono26,unknown_replacement,unknown_replacement_with_monomer_structure,unknown_replacement,full_residue_graph,Mono26,False,True,not_eligible,eligible_as_low_confidence_full_residue_graph,atom_unknown_auxiliary,True,No reliable automatic natural anchor/local edit decomposition; keep as unknown replacement.,unknown_replacement
Mono27,Mono27,Mono27,CO[C@H](C(=O)[C@H](C)C=O)C(C)C,172.224,1,1,,Mono27,rule_mono_fallback,L,False,full_residue_fallback,full_residue_replacement,unknown,full_residue_graph,Mono27,high,True,auto_v6_retained_fallback_needs_review,v5: retained fallback; no reliable canonical anchor inferred,Mono27,unknown_replacement,unknown_replacement_with_monomer_structure,unknown_replacement,full_residue_graph,Mono27,False,True,not_eligible,eligible_as_low_confidence_full_residue_graph,atom_unknown_auxiliary,True,No reliable automatic natural anchor/local edit decomposition; keep as unknown replacement.,unknown_replacement
Mono3,Mono3,Mono3,CN(C)[C@H](C=O)CCN1CCCCC1,198.31,1,1,,Mono3,rule_mono_fallback,L,False,full_residue_fallback,full_residue_replacement,unknown,full_residue_graph,Mono3,high,True,auto_v6_retained_fallback_needs_review,v5: retained fallback; no reliable canonical anchor inferred,Mono3,unknown_replacement,unknown_replacement_with_monomer_structure,unknown_replacement,full_residue_graph,Mono3,False,True,not_eligible,eligible_as_low_confidence_full_residue_graph,atom_unknown_auxiliary,True,No reliable automatic natural anchor/local edit decomposition; keep as unknown replacement.,unknown_replacement
Mono30,Mono30,Mono30,CN[C@@H](CC(C)C)c1nc(C=O)cs1,212.318,1,1,,Mono30,rule_mono_fallback,L,False,full_residue_fallback,full_residue_replacement,unknown,full_residue_graph,Mono30,high,True,auto_v6_retained_fallback_needs_review,v5: retained fallback; no reliable canonical anchor inferred,Mono30,unknown_replacement,unknown_replacement_with_monomer_structure,unknown_replacement,full_residue_graph,Mono30,False,True,not_eligible,eligible_as_low_confidence_full_residue_graph,atom_unknown_auxiliary,True,No reliable automatic natural anchor/local edit decomposition; keep as unknown replacement.,unknown_replacement
Mono36,Mono36,Mono36,CN[C@@H](Cc1ccccc1)c1nnc([C@@H](Cc2ccccc2)N2CCC[C@H]2C=O)o1,404.514,1,1,,Mono36,rule_mono_fallback,L,False,full_residue_fallback,full_residue_replacement,unknown,full_residue_graph,Mono36,high,True,auto_v6_retained_fallback_needs_review,v5: retained fallback; no reliable canonical anchor inferred,Mono36,unknown_replacement,unknown_replacement_with_monomer_structure,unknown_replacement,full_residue_graph,Mono36,False,True,not_eligible,eligible_as_low_confidence_full_residue_graph,atom_unknown_auxiliary,True,No reliable automatic natural anchor/local edit decomposition; keep as unknown replacement.,unknown_replacement
Mono37,Mono37,Mono37,CN[C@@H](Cc1ccccc1)c1nnc([C@@H](CC(C)C)N2CCC[C@H]2C=O)o1,370.497,1,1,,Mono37,rule_mono_fallback,L,False,full_residue_fallback,full_residue_replacement,unknown,full_residue_graph,Mono37,high,True,auto_v6_retained_fallback_needs_review,v5: retained fallback; no reliable canonical anchor inferred,Mono37,unknown_replacement,unknown_replacement_with_monomer_structure,unknown_replacement,full_residue_graph,Mono37,False,True,not_eligible,eligible_as_low_confidence_full_residue_graph,atom_unknown_auxiliary,True,No reliable automatic natural anchor/local edit decomposition; keep as unknown replacement.,unknown_replacement
Mono4,Mono4,Mono4,CN(C)[C@H](C=O)CC(=O)N1CCCCC1,212.293,1,1,,Mono4,rule_mono_fallback,L,False,full_residue_fallback,full_residue_replacement,unknown,full_residue_graph,Mono4,high,True,auto_v6_retained_fallback_needs_review,v5: retained fallback; no reliable canonical anchor inferred,Mono4,unknown_replacement,unknown_replacement_with_monomer_structure,unknown_replacement,full_residue_graph,Mono4,False,True,not_eligible,eligible_as_low_confidence_full_residue_graph,atom_unknown_auxiliary,True,No reliable automatic natural anchor/local edit decomposition; keep as unknown replacement.,unknown_replacement
Mono47,Mono47,Mono47,CN1C[C@H]1[C@@H](C(=O)NC(C)(C)C)N1CCC[C@H]1C=O,267.373,1,1,,Mono47,rule_mono_fallback,L,False,full_residue_fallback,full_residue_replacement,unknown,full_residue_graph,Mono47,high,True,auto_v6_retained_fallback_needs_review,v5: retained fallback; no reliable canonical anchor inferred,Mono47,unknown_replacement,unknown_replacement_with_monomer_structure,unknown_replacement,full_residue_graph,Mono47,False,True,not_eligible,eligible_as_low_confidence_full_residue_graph,atom_unknown_auxiliary,True,No reliable automatic natural anchor/local edit decomposition; keep as unknown replacement.,unknown_replacement
Mono5,Mono5,Mono5,CN(C)[C@H](C=O)CC(=O)N1CCOCC1,214.265,1,1,,Mono5,rule_mono_fallback,L,False,full_residue_fallback,full_residue_replacement,unknown,full_residue_graph,Mono5,high,True,auto_v6_retained_fallback_needs_review,v5: retained fallback; no reliable canonical anchor inferred,Mono5,unknown_replacement,unknown_replacement_with_monomer_structure,unknown_replacement,full_residue_graph,Mono5,False,True,not_eligible,eligible_as_low_confidence_full_residue_graph,atom_unknown_auxiliary,True,No reliable automatic natural anchor/local edit decomposition; keep as unknown replacement.,unknown_replacement
Mono65,Mono65,Mono65,CN[C@H](C=O)CCCC(O)C(F)(F)F,213.199,1,1,,Mono65,rule_mono_fallback,L,False,full_residue_fallback,full_residue_replacement,unknown,full_residue_graph,Mono65,high,True,auto_v6_retained_fallback_needs_review,v5: retained fallback; no reliable canonical anchor inferred,Mono65,unknown_replacement,unknown_replacement_with_monomer_structure,unknown_replacement,full_residue_graph,Mono65,False,True,not_eligible,eligible_as_low_confidence_full_residue_graph,atom_unknown_auxiliary,True,No reliable automatic natural anchor/local edit decomposition; keep as unknown replacement.,unknown_replacement
Mono68,Mono68,Mono68,,,1,1,,Mono68,rule_mono_fallback,L,False,full_residue_fallback,full_residue_replacement,unknown,full_residue_graph,Mono68,high,True,auto_v6_retained_fallback_needs_review,v5: retained fallback; no reliable canonical anchor inferred,Mono68,unknown_replacement,unknown_replacement_without_monomer_structure,unknown_replacement,unknown_or_missing_structure,Mono68,False,False,not_eligible,not_eligible_until_structure_or_manual_curation,exclude_until_curated,True,No reliable automatic natural anchor/local edit decomposition; keep as unknown replacement.,unknown_replacement
Mono69,Mono69,Mono69,CCC[C@H](C)[C@@H](OC)[C@@H](C)[C@H](C/C=C(\C)C=O)OC,270.413,1,1,,Mono69,rule_mono_fallback,L,False,full_residue_fallback,full_residue_replacement,unknown,full_residue_graph,Mono69,high,True,auto_v6_retained_fallback_needs_review,v5: retained fallback; no reliable canonical anchor inferred,Mono69,unknown_replacement,unknown_replacement_with_monomer_structure,unknown_replacement,full_residue_graph,Mono69,False,True,not_eligible,eligible_as_low_confidence_full_residue_graph,atom_unknown_auxiliary,True,No reliable automatic natural anchor/local edit decomposition; keep as unknown replacement.,unknown_replacement
Mono70,Mono70,Mono70,C/C=C/C[C@@H](C)C(=O)[C@@H](C=O)N(C)C,197.278,1,1,,Mono70,rule_mono_fallback,L,False,full_residue_fallback,full_residue_replacement,unknown,full_residue_graph,Mono70,high,True,auto_v6_retained_fallback_needs_review,v5: retained fallback; no reliable canonical anchor inferred,Mono70,unknown_replacement,unknown_replacement_with_monomer_structure,unknown_replacement,full_residue_graph,Mono70,False,True,not_eligible,eligible_as_low_confidence_full_residue_graph,atom_unknown_auxiliary,True,No reliable automatic natural anchor/local edit decomposition; keep as unknown replacement.,unknown_replacement
Mono71,Mono71,Mono71,CCOC(=O)n1cnc(C[C@@H](C=O)NC)c1,225.248,1,1,,Mono71,rule_mono_fallback,L,False,full_residue_fallback,full_residue_replacement,unknown,full_residue_graph,Mono71,high,True,auto_v6_retained_fallback_needs_review,v5: retained fallback; no reliable canonical anchor inferred,Mono71,unknown_replacement,unknown_replacement_with_monomer_structure,unknown_replacement,full_residue_graph,Mono71,False,True,not_eligible,eligible_as_low_confidence_full_residue_graph,atom_unknown_auxiliary,True,No reliable automatic natural anchor/local edit decomposition; keep as unknown replacement.,unknown_replacement
Mono72,Mono72,Mono72,CCOC(=O)N(C(=O)CC[C@@H](C=O)NC)C(=O)OCC,288.3,1,1,,Mono72,rule_mono_fallback,L,False,full_residue_fallback,full_residue_replacement,unknown,full_residue_graph,Mono72,high,True,auto_v6_retained_fallback_needs_review,v5: retained fallback; no reliable canonical anchor inferred,Mono72,unknown_replacement,unknown_replacement_with_monomer_structure,unknown_replacement,full_residue_graph,Mono72,False,True,not_eligible,eligible_as_low_confidence_full_residue_graph,atom_unknown_auxiliary,True,No reliable automatic natural anchor/local edit decomposition; keep as unknown replacement.,unknown_replacement
Mono73,Mono73,Mono73,CCOC(=O)N(C(=O)C[C@@H](C=O)NC)C(=O)OCC,274.273,1,1,,Mono73,rule_mono_fallback,L,False,full_residue_fallback,full_residue_replacement,unknown,full_residue_graph,Mono73,high,True,auto_v6_retained_fallback_needs_review,v5: retained fallback; no reliable canonical anchor inferred,Mono73,unknown_replacement,unknown_replacement_with_monomer_structure,unknown_replacement,full_residue_graph,Mono73,False,True,not_eligible,eligible_as_low_confidence_full_residue_graph,atom_unknown_auxiliary,True,No reliable automatic natural anchor/local edit decomposition; keep as unknown replacement.,unknown_replacement
Mono74,Mono74,Mono74,CCOC(=O)/N=C(/NCCC[C@@H](C=O)NC)NC(=O)OCC,316.358,1,1,,Mono74,rule_mono_fallback,L,False,full_residue_fallback,full_residue_replacement,unknown,full_residue_graph,Mono74,high,True,auto_v6_retained_fallback_needs_review,v5: retained fallback; no reliable canonical anchor inferred,Mono74,unknown_replacement,unknown_replacement_with_monomer_structure,unknown_replacement,full_residue_graph,Mono74,False,True,not_eligible,eligible_as_low_confidence_full_residue_graph,atom_unknown_auxiliary,True,No reliable automatic natural anchor/local edit decomposition; keep as unknown replacement.,unknown_replacement
Mono88,Mono88,Mono88,CNCCCCCCN(C)[C@H](C=O)Cc1ccccc1,276.424,1,1,,Mono88,rule_mono_fallback,L,False,full_residue_fallback,full_residue_replacement,unknown,full_residue_graph,Mono88,high,True,auto_v6_retained_fallback_needs_review,v5: retained fallback; no reliable canonical anchor inferred,Mono88,unknown_replacement,unknown_replacement_with_monomer_structure,unknown_replacement,full_residue_graph,Mono88,False,True,not_eligible,eligible_as_low_confidence_full_residue_graph,atom_unknown_auxiliary,True,No reliable automatic natural anchor/local edit decomposition; keep as unknown replacement.,unknown_replacement
Mono91,Mono91,Mono91,CNCCCCCCN(C(C)=O)[C@H](C=O)Cc1ccccc1,304.434,1,1,,Mono91,rule_mono_fallback,L,False,full_residue_fallback,full_residue_replacement,unknown,full_residue_graph,Mono91,high,True,auto_v6_retained_fallback_needs_review,v5: retained fallback; no reliable canonical anchor inferred,Mono91,unknown_replacement,unknown_replacement_with_monomer_structure,unknown_replacement,full_residue_graph,Mono91,False,True,not_eligible,eligible_as_low_confidence_full_residue_graph,atom_unknown_auxiliary,True,No reliable automatic natural anchor/local edit decomposition; keep as unknown replacement.,unknown_replacement
aMeLeu,aMeLeu,aMeLeu,CN[C@](C)(C=O)CC(C)C,143.23,1,1,,aMeLeu,rule_unknown_pseudo,L,False,full_residue_fallback,full_residue_replacement,unknown,full_residue_graph,aMeLeu,high,True,auto_v6_retained_fallback_needs_review,v5: retained fallback; no reliable canonical anchor inferred,aMeLeu,unknown_replacement,unknown_replacement_with_monomer_structure,unknown_replacement,full_residue_graph,aMeLeu,False,True,not_eligible,eligible_as_low_confidence_full_residue_graph,atom_unknown_auxiliary,True,No reliable automatic natural anchor/local edit decomposition; keep as unknown replacement.,unknown_replacement
d(N->O)Gly(allyl),d(N->O)Gly(allyl),(N->O)Gly(allyl),C=CC[C@H](C=O)OC,114.144,1,1,G,,rule_depsipeptide_N_to_O_v5,,False,backbone_and_R_group_edit,amide_to_ester_N_to_O+O_allyl_substitution,backbone_N_to_O;backbone_O,combined_delta,amide_NH_to_ester_O;O-H_to_O-allyl,low,True,auto_v5_anchor_optimized,v5: rule-refined anchor/scope/payload | v5 cleanup: normalized combined scope / depsipeptide mapping,G,local_interpretable_edit,depsipeptide_N_to_O_local_edit,backbone_and_R_group_edit,combined_delta,amide_NH_to_ester_O;O-H_to_O-allyl,False,True,needs_manual_review_before_core_local_use,eligible_after_review_or_low_weight,local_candidate_needs_review,True,Interpretable local edit relative to anchor; suitable for core local edit labels when not manually blocked.,local_interpretable_edit
dLeu(3R-OH),dLeu(3R-OH),Leu(3R-OH),,,1,1,,Leu(3R-OH),rule_unknown_pseudo,D,False,stereochemistry_edit,D_L_inversion,alpha_C,chirality_change_flag,L_to_D,high,True,auto_v6_retained_fallback_needs_review,v6: retained fallback/pseudo anchor; no reliable automatic canonical anchor assigned,Leu(3R-OH),unknown_replacement,unknown_replacement_without_monomer_structure,unknown_replacement,unknown_or_missing_structure,L_to_D,False,False,not_eligible,not_eligible_until_structure_or_manual_curation,exclude_until_curated,True,No reliable automatic natural anchor/local edit decomposition; keep as unknown replacement.,unknown_replacement
